class,precision,recall,f1-score,support
Normal,0.9433198380566802,0.9789915966386554,0.9608247422680413,238.0
Pneumonia,0.9920886075949367,0.9781591263650546,0.9850746268656716,641.0
accuracy,0.9783845278725825,0.9783845278725825,0.9783845278725825,0.9783845278725825
macro avg,0.9677042228258084,0.9785753615018551,0.9729496845668564,879.0
weighted avg,0.9788838668098342,0.9783845278725825,0.9785086740394646,879.0
