class,precision,recall,f1-score,support
Normal,0.8713235294117647,0.9957983193277311,0.9294117647058824,238.0
Pneumonia,0.9983525535420099,0.9453978159126365,0.9711538461538461,641.0
accuracy,0.9590443686006825,0.9590443686006825,0.9590443686006825,0.9590443686006825
macro avg,0.9348380414768873,0.9705980676201837,0.9502828054298642,879.0
weighted avg,0.9639578917183486,0.9590443686006825,0.9598516671042269,879.0
