{
    "train_loss": [
        0.14086749934794301,
        0.06017665123849619,
        0.03883226443133298,
        0.027958665293221795,
        0.022253824478890908,
        0.009682742393649768,
        0.007997407609637741
    ],
    "val_loss": [
        0.08857769530943849,
        0.0685339148812504,
        0.08940239773258905,
        0.07863407586787204,
        0.08263211571618079,
        0.09108891667776996,
        0.08761738987167601
    ],
    "val_acc": [
        0.9669703872437357,
        0.9772209567198178,
        0.9669703872437357,
        0.979498861047836,
        0.9772209567198178,
        0.9726651480637813,
        0.9783599088838268
    ]
}